City_ID,City,Country,Date,Lat,Lng,Max Temp,Humidity,Cloudiness,Wind Speed
0,Saskylakh,RU,2022-10-13 02:41:16,71.9167,114.0833,22.8,96,100,7.87
1,Punta Arenas,CL,2022-10-13 02:40:32,-53.15,-70.9167,35.71,69,40,23.02
2,Vaini,TO,2022-10-13 02:41:17,-21.2,-175.2,78.96,83,20,12.66
3,Santa Rosa,PH,2022-10-13 02:41:17,14.3122,121.1114,89.58,68,84,4.36
4,Busselton,AU,2022-10-13 02:41:18,-33.65,115.3333,56.82,59,75,4.61
5,Jamestown,US,2022-10-13 02:40:53,42.097,-79.2353,63.99,54,100,10.36
6,East London,ZA,2022-10-13 02:41:19,-33.0153,27.9116,68.41,89,100,15.28
7,Tiksi,RU,2022-10-13 02:39:02,71.6872,128.8694,22.62,86,100,7.16
8,Rikitea,PF,2022-10-13 02:41:20,-23.1203,-134.9692,69.21,62,0,15.3
9,Hilo,US,2022-10-13 02:40:50,19.7297,-155.09,86.29,80,40,11.5
10,Kodiak,US,2022-10-13 02:41:21,57.79,-152.4072,42.31,49,0,17.27
11,Cabo San Lucas,MX,2022-10-13 02:41:22,22.8909,-109.9124,81.7,71,0,0.0
12,Marzuq,YE,2022-10-13 02:41:22,14.4,46.4667,66.76,49,0,1.1
13,Tuktoyaktuk,CA,2022-10-13 02:40:29,69.4541,-133.0374,26.6,80,40,5.75
14,Maltahohe,NA,2022-10-13 02:41:24,-24.8333,16.9833,70.97,30,90,2.28
15,Ponta Do Sol,PT,2022-10-13 02:41:25,32.6667,-17.1,71.71,71,44,3.89
16,Leningradskiy,RU,2022-10-13 02:41:25,69.3833,178.4167,18.59,75,84,5.99
17,Karratha,AU,2022-10-13 02:41:26,-20.7377,116.8463,80.8,23,60,21.39
18,Krasnoselkup,RU,2022-10-13 02:41:27,65.7,82.4667,35.01,78,100,8.1
19,Clyde River,CA,2022-10-13 02:41:28,70.4692,-68.5914,21.43,79,100,13.8
20,Ushuaia,AR,2022-10-13 02:41:28,-54.8,-68.3,35.26,87,75,33.38
21,Mataura,NZ,2022-10-13 02:40:19,-46.1927,168.8643,57.31,43,3,4.81
22,Guaraniacu,BR,2022-10-13 02:41:29,-25.1008,-52.8781,58.42,99,100,1.88
23,Atuona,PF,2022-10-13 02:37:30,-9.8,-139.0333,77.25,78,14,20.67
24,Chuy,UY,2022-10-13 02:41:30,-33.6971,-53.4616,55.74,74,0,9.84
25,Albany,US,2022-10-13 02:41:31,42.6001,-73.9662,58.57,74,100,6.93
26,Georgetown,MY,2022-10-13 02:39:01,5.4112,100.3354,84.13,84,20,5.01
27,Ewa Beach,US,2022-10-13 02:41:32,21.3156,-158.0072,84.15,71,0,11.5
28,Kirakira,SB,2022-10-13 02:41:32,-10.4544,161.9205,84.4,69,99,6.82
29,Lesosibirsk,RU,2022-10-13 02:41:33,58.2358,92.4828,36.07,98,100,5.32
30,Esperance,AU,2022-10-13 02:41:33,-33.8667,121.9,56.34,67,94,16.49
31,Asau,RO,2022-10-13 02:41:34,46.4333,26.4,51.28,95,100,1.16
32,Ahipara,NZ,2022-10-13 02:41:35,-35.1667,173.1667,63.27,61,79,2.1
33,Cape Town,ZA,2022-10-13 02:38:03,-33.9258,18.4232,63.91,89,75,14.97
34,Shingu,JP,2022-10-13 02:41:36,33.7333,135.9833,69.08,75,100,15.3
35,Rawson,AR,2022-10-13 02:39:52,-43.3002,-65.1023,47.93,38,27,12.93
36,Kalmunai,LK,2022-10-13 02:40:05,7.4167,81.8167,81.79,76,80,6.8
37,Seymchan,RU,2022-10-13 02:41:37,62.8833,152.4333,15.84,83,100,1.9
38,Puerto Ayora,EC,2022-10-13 02:41:38,-0.7393,-90.3518,67.55,89,10,3.0
39,Butaritari,KI,2022-10-13 02:41:39,3.0707,172.7902,82.27,75,5,20.27
40,Saint-Philippe,RE,2022-10-13 02:41:39,-21.3585,55.7679,69.39,76,29,10.56
41,Hithadhoo,MV,2022-10-13 02:41:40,-0.6,73.0833,81.16,72,100,14.63
42,New Norfolk,AU,2022-10-13 02:41:40,-42.7826,147.0587,62.71,71,100,3.0
43,Luderitz,NA,2022-10-13 02:41:41,-26.6481,15.1594,59.58,84,9,9.15
44,Magaria,NE,2022-10-13 02:41:42,12.9983,8.9099,79.88,39,7,6.78
45,Bambous Virieux,MU,2022-10-13 02:41:42,-20.3428,57.7575,72.21,73,40,5.75
46,Yatou,CN,2022-10-13 02:41:43,37.15,122.3833,64.47,52,27,3.53
47,Bluff,NZ,2022-10-13 02:42:43,-46.6,168.3333,49.84,63,51,8.93
48,Ust-Koksa,RU,2022-10-13 02:42:44,50.2696,85.6108,41.4,47,6,0.49
49,Fortuna,US,2022-10-13 02:42:45,40.5982,-124.1573,53.92,86,27,2.06
50,Miraflores,MX,2022-10-13 02:42:45,19.2167,-98.8083,67.03,82,76,3.78
51,Hermanus,ZA,2022-10-13 02:42:46,-34.4187,19.2345,63.81,90,95,3.51
52,Komsomolskiy,UZ,2022-10-13 02:42:47,40.4272,71.7189,52.52,40,0,4.61
53,Nelson Bay,AU,2022-10-13 02:42:48,-32.7167,152.15,71.1,70,98,17.0
54,Barrow,US,2022-10-13 02:38:35,71.2906,-156.7887,30.22,86,75,17.27
55,West Odessa,US,2022-10-13 02:42:48,31.8424,-102.4988,70.86,47,0,8.05
56,Victoria,HK,2022-10-13 02:33:11,22.2855,114.1577,81.25,52,5,8.99
57,Calama,CL,2022-10-13 02:42:49,-22.4667,-68.9333,41.49,9,0,9.22
58,Nuuk,GL,2022-10-13 02:42:50,64.1835,-51.7216,29.01,80,75,14.97
59,Malavalli,IN,2022-10-13 02:42:51,12.3833,77.0833,75.06,85,95,1.16
60,Hamilton,US,2022-10-13 02:42:52,39.1834,-84.5333,66.97,89,100,6.91
61,Tabou,CI,2022-10-13 02:42:52,4.423,-7.3528,76.35,81,100,5.26
62,Tasiilaq,GL,2022-10-13 02:42:53,65.6145,-37.6368,30.36,94,99,3.8
63,Nikolskoye,RU,2022-10-13 02:42:53,59.7035,30.7861,39.09,88,51,4.16
64,Dikson,RU,2022-10-13 02:42:54,73.5069,80.5464,29.17,76,99,13.13
65,Prince Rupert,CA,2022-10-13 02:42:55,54.3161,-130.3201,53.29,88,0,2.3
66,Bathsheba,BB,2022-10-13 02:42:55,13.2167,-59.5167,81.21,83,20,12.66
67,Lebu,CL,2022-10-13 02:42:56,-37.6167,-73.65,47.73,74,6,16.46
68,Carnarvon,AU,2022-10-13 02:42:56,-24.8667,113.6333,73.45,26,0,14.29
69,Naze,JP,2022-10-13 02:42:57,28.3667,129.4833,81.52,73,4,24.74
70,Wanning,CN,2022-10-13 02:42:57,18.8003,110.3967,79.65,61,75,15.9
71,Castro,BR,2022-10-13 02:42:58,-24.7911,-50.0119,60.04,98,100,3.13
72,Mar Del Plata,AR,2022-10-13 02:42:34,-38.0023,-57.5575,55.87,68,0,3.44
73,Kahului,US,2022-10-13 02:42:59,20.8947,-156.47,87.82,73,40,6.91
74,Yellowknife,CA,2022-10-13 02:42:59,62.456,-114.3525,28.92,74,20,5.75
75,Atar,MR,2022-10-13 02:43:00,20.5169,-13.0499,83.12,31,9,12.21
76,Arraial Do Cabo,BR,2022-10-13 02:41:05,-22.9661,-42.0278,69.73,93,71,2.98
77,Araxa,BR,2022-10-13 02:39:25,-19.5933,-46.9406,71.56,43,0,4.61
78,Bengkulu,ID,2022-10-13 02:43:02,-3.8004,102.2655,77.54,85,100,2.42
79,Mulanje,MW,2022-10-13 02:43:03,-16.0316,35.5,69.08,60,0,2.42
80,Freeport,US,2022-10-13 02:43:04,40.6576,-73.5832,62.98,82,0,9.22
81,Sisimiut,GL,2022-10-13 02:43:04,66.9395,-53.6735,25.81,87,88,10.45
82,Makakilo City,US,2022-10-13 02:43:05,21.3469,-158.0858,82.72,71,0,11.5
83,Inirida,CO,2022-10-13 02:43:06,3.8653,-67.9239,73.49,96,52,2.62
84,Baglung,NP,2022-10-13 02:43:06,28.2719,83.5898,70.48,67,0,0.49
85,Alberton,CA,2022-10-13 02:43:07,46.8168,-64.0654,55.31,77,91,9.01
86,Muros,ES,2022-10-13 02:43:08,42.7762,-9.0603,56.84,93,100,4.76
87,Cockburn Town,TC,2022-10-13 02:38:46,21.4612,-71.1419,82.38,75,75,17.52
88,Shestakovo,RU,2022-10-13 02:43:09,56.4915,103.96,36.7,98,100,4.03
89,Qaanaaq,GL,2022-10-13 02:43:09,77.484,-69.3632,6.44,62,20,8.63
90,Paamiut,GL,2022-10-13 02:43:10,61.994,-49.6678,23.18,50,2,7.52
91,Tessalit,ML,2022-10-13 02:43:11,20.1986,1.0114,81.16,15,0,8.7
92,Porto Walter,BR,2022-10-13 02:43:11,-8.2686,-72.7439,73.44,92,98,3.02
93,Damietta,EG,2022-10-13 02:44:12,31.4165,31.8133,73.29,63,42,10.83
94,Makariv,UA,2022-10-13 02:44:13,50.4641,29.8113,44.19,78,62,4.16
95,Okitipupa,NG,2022-10-13 02:44:13,6.5047,4.7839,72.34,96,46,1.07
96,Deming,US,2022-10-13 02:44:14,32.2687,-107.7586,64.29,55,0,3.44
97,Manokwari,ID,2022-10-13 02:44:15,-0.8667,134.0833,83.88,70,100,10.42
98,Port Alfred,ZA,2022-10-13 02:44:15,-33.5906,26.891,66.18,95,100,4.0
99,Cidreira,BR,2022-10-13 02:44:16,-30.1811,-50.2056,62.15,89,70,7.67
100,Husavik,IS,2022-10-13 02:44:17,66.0449,-17.3389,37.63,78,93,9.4
101,Torbay,CA,2022-10-13 02:44:18,47.6666,-52.7314,47.5,87,0,9.22
102,Atlantis,ZA,2022-10-13 02:44:18,-33.5667,18.4834,61.99,83,94,2.48
103,Taltal,CL,2022-10-13 02:40:21,-25.4,-70.4833,56.89,81,55,2.66
104,Ucluelet,CA,2022-10-13 02:44:19,48.9329,-125.5528,55.09,82,19,3.56
105,Quatre Cocos,MU,2022-10-13 02:44:20,-20.2078,57.7625,72.09,70,34,14.94
106,Punta Cardon,VE,2022-10-13 02:44:21,11.6581,-70.215,81.95,82,69,22.53
107,Otradnoye,RU,2022-10-13 02:44:21,59.7775,30.8181,39.25,88,39,4.0
108,Japura,ID,2022-10-13 02:44:22,-0.3167,102.35,83.14,71,100,3.04
109,Portland,US,2022-10-13 02:41:41,45.5234,-122.6762,72.18,63,0,3.0
110,Nybro,SE,2022-10-13 02:44:23,56.7446,15.9071,50.05,85,98,3.65
111,Dingle,PH,2022-10-13 02:44:24,10.9995,122.6711,85.46,74,100,10.6
112,Limbang,MY,2022-10-13 02:40:31,4.75,115.0,86.11,56,64,10.2
113,Sungaipenuh,ID,2022-10-13 02:44:25,-2.0833,101.3833,70.68,84,100,4.03
114,Yangambi,CD,2022-10-13 02:44:25,0.8102,24.4336,67.95,99,79,0.94
115,Hobart,AU,2022-10-13 02:44:26,-42.8794,147.3294,63.05,85,100,3.0
116,Vardo,NO,2022-10-13 02:44:27,70.3705,31.1107,39.18,81,20,18.41
117,Ribeira Grande,PT,2022-10-13 02:44:27,38.5167,-28.7,71.78,82,96,5.99
118,Port Lincoln,AU,2022-10-13 02:44:28,-34.7333,135.8667,59.86,65,62,22.86
119,Guerrero Negro,MX,2022-10-13 02:44:28,27.9769,-114.0611,69.35,80,100,17.36
120,Bonfim,BR,2022-10-13 02:44:29,3.0833,-59.95,81.34,63,78,4.7
121,Kapaa,US,2022-10-13 02:44:29,22.0752,-159.319,84.18,91,100,6.91
122,Kudahuvadhoo,MV,2022-10-13 02:44:30,2.6708,72.8944,77.97,85,100,13.96
123,Nouadhibou,MR,2022-10-13 02:44:30,20.931,-17.0347,71.58,73,0,21.85
124,Tanout,NE,2022-10-13 02:44:31,14.9709,8.8879,82.31,21,27,9.93
125,Geraldton,AU,2022-10-13 02:44:32,-28.7667,114.6,70.21,24,0,10.36
126,Kobelyaky,UA,2022-10-13 02:44:32,49.1489,34.1965,41.65,87,53,7.14
127,Linxia,CN,2022-10-13 02:44:33,35.6003,103.2064,44.94,65,100,2.73
128,Dwarka,IN,2022-10-13 02:44:34,22.2394,68.9678,84.61,59,19,7.9
129,Mitu,CO,2022-10-13 02:44:35,1.1983,-70.1733,73.36,89,54,1.79
130,Sobolevo,RU,2022-10-13 02:44:35,54.4299,31.8996,42.57,77,100,4.05
131,Mahebourg,MU,2022-10-13 02:44:36,-20.4081,57.7,72.25,73,40,5.75
132,Newport,GB,2022-10-13 02:44:36,51.5877,-2.9984,55.45,91,99,1.86
133,Saint George,US,2022-10-13 02:43:54,37.1041,-113.5841,81.19,20,0,0.0
134,Albania,AL,2022-10-13 02:44:37,41.0,20.0,62.08,75,100,1.48
135,Bonnyville,CA,2022-10-13 02:40:19,54.2668,-110.735,44.4,42,33,11.56
136,Arroyo,ES,2022-10-13 02:42:21,41.6096,-4.7969,51.6,82,0,3.44
137,Avarua,CK,2022-10-13 02:44:38,-21.2078,-159.775,78.85,78,75,14.97
138,Quatis,BR,2022-10-13 02:44:39,-22.4072,-44.2581,66.61,93,77,1.99
139,Korla,CN,2022-10-13 02:44:40,41.7597,86.1469,52.74,40,50,5.64
140,Fairview,US,2022-10-13 02:45:40,40.8126,-73.999,62.22,76,0,9.22
141,Lavrentiya,RU,2022-10-13 02:45:41,65.5833,-171.0,28.18,52,98,3.38
142,Pisco,PE,2022-10-13 02:45:41,-13.7,-76.2167,60.03,82,0,14.97
143,Tezu,IN,2022-10-13 02:45:42,27.9167,96.1667,77.0,85,92,1.3
144,Pingxiang,CN,2022-10-13 02:45:42,27.6167,113.85,74.73,35,10,4.09
145,Shubarkuduk,KZ,2022-10-13 02:45:43,49.1447,56.4872,46.42,94,50,7.49
146,Solnechnyy,RU,2022-10-13 02:45:44,50.7214,136.6319,48.13,58,99,6.8
147,Kaitangata,NZ,2022-10-13 02:45:44,-46.2817,169.8464,53.35,56,19,9.33
148,Bredasdorp,ZA,2022-10-13 02:45:45,-34.5322,20.0403,63.0,91,100,1.52
149,Nizhniy Tsasuchey,RU,2022-10-13 02:45:46,50.5167,115.1333,52.54,31,1,6.69
150,Dangriga,BZ,2022-10-13 02:45:47,16.9692,-88.2321,81.5,85,100,7.78
151,Vila Franca Do Campo,PT,2022-10-13 02:45:47,37.7167,-25.4333,70.21,87,16,4.07
152,Pascagoula,US,2022-10-13 02:45:48,30.3658,-88.5561,75.25,96,100,0.0
153,Nemuro,JP,2022-10-13 02:45:48,43.3236,145.575,55.65,63,19,4.56
154,Orlik,RU,2022-10-13 02:45:49,52.5178,99.825,37.2,63,87,9.1
155,Cerritos,US,2022-10-13 02:45:49,33.8583,-118.0648,73.31,82,40,8.05
156,Hualmay,PE,2022-10-13 02:45:50,-11.0964,-77.6139,60.8,85,4,11.77
157,Narsaq,GL,2022-10-13 02:45:51,60.9167,-46.05,26.82,69,0,8.81
158,Thompson,CA,2022-10-13 02:45:51,55.7435,-97.8558,33.96,93,100,18.41
159,Broome,US,2022-10-13 02:45:52,42.2506,-75.833,59.85,76,0,10.36
160,Ilulissat,GL,2022-10-13 02:44:50,69.2167,-51.1,28.42,64,100,5.75
161,Tambura,SS,2022-10-13 02:45:53,5.6,27.4667,67.1,92,47,1.77
162,Ramanuj Ganj,IN,2022-10-13 02:45:54,23.8,83.7,75.81,85,17,2.77
163,Worland,US,2022-10-13 02:45:55,44.0169,-107.9554,49.89,53,0,3.44
164,Kuppam,IN,2022-10-13 02:45:55,12.75,78.3667,74.55,83,69,1.88
165,Khatanga,RU,2022-10-13 02:45:56,71.9667,102.5,23.65,96,95,6.64
166,Saryg-Sep,RU,2022-10-13 02:45:57,51.5,95.6,45.23,44,86,5.53
167,Chokurdakh,RU,2022-10-13 02:45:58,70.6333,147.9167,10.02,85,43,4.54
168,Palmer,US,2022-10-13 02:45:58,42.1584,-72.3287,58.24,74,75,8.05
169,Souillac,MU,2022-10-13 02:45:59,-20.5167,57.5167,70.18,73,40,5.75
170,At-Bashi,KG,2022-10-13 02:45:59,41.1702,75.8106,46.74,30,0,0.34
171,Salinopolis,BR,2022-10-13 02:46:00,-0.6136,-47.3561,79.74,83,100,11.5
172,Colon,PA,2022-10-13 02:46:02,9.3592,-79.9014,78.37,94,100,1.01
173,Kaeo,NZ,2022-10-13 02:46:02,-35.1,173.7833,62.67,59,67,8.19
174,Guilin,CN,2022-10-13 02:46:03,25.2819,110.2864,73.51,21,9,9.28
175,Alice Springs,AU,2022-10-13 02:41:08,-23.7,133.8833,65.75,45,100,13.8
176,Gualeguay,AR,2022-10-13 02:46:04,-33.1416,-59.3097,65.46,38,77,16.55
177,Grindavik,IS,2022-10-13 02:46:05,63.8424,-22.4338,36.07,87,20,5.75
178,Athabasca,CA,2022-10-13 02:41:07,54.7169,-113.2854,39.61,59,12,7.54
179,Ferkessedougou,CI,2022-10-13 02:46:05,9.6,-5.2,72.57,87,83,3.53
180,Port Elizabeth,ZA,2022-10-13 02:44:01,-33.918,25.5701,66.49,97,100,4.61
181,Margate,GB,2022-10-13 02:46:06,51.3813,1.3862,58.3,91,100,1.01
182,Gilleleje,DK,2022-10-13 02:46:07,56.122,12.3106,51.12,88,79,13.02
183,Vila Velha,BR,2022-10-13 02:46:07,-20.3297,-40.2925,75.15,83,0,9.22
184,Santa Fe,AR,2022-10-13 02:46:08,-31.6333,-60.7,67.01,40,43,11.01
185,Necochea,AR,2022-10-13 02:42:12,-38.5473,-58.7368,50.95,74,94,24.85
186,Yar-Sale,RU,2022-10-13 02:46:09,66.8333,70.8333,37.0,85,100,8.7
187,Machachi,EC,2022-10-13 02:46:10,-0.5,-78.5667,49.5,94,92,2.28
188,Sabha,LY,2022-10-13 02:46:10,27.0377,14.4283,71.85,29,2,10.98
189,Mingshui,CN,2022-10-13 02:47:11,36.7167,117.5,67.77,40,97,1.66
190,Tucuman,AR,2022-10-13 02:43:50,-26.8241,-65.2226,60.8,41,0,9.22
191,Arlit,NE,2022-10-13 02:47:12,18.7369,7.3853,83.71,16,0,8.16
192,Pavilosta,LV,2022-10-13 02:47:12,56.8879,21.1859,44.51,84,94,8.55
193,Pangnirtung,CA,2022-10-13 02:47:13,66.1451,-65.7125,16.03,69,4,5.28
194,Yerbogachen,RU,2022-10-13 02:47:14,61.2767,108.0108,34.39,84,100,8.63
195,Pevek,RU,2022-10-13 02:47:15,69.7008,170.3133,19.92,80,100,8.61
196,Luba,GQ,2022-10-13 02:47:15,3.4568,8.5547,76.89,85,100,2.82
197,Avera,US,2022-10-13 02:43:20,33.194,-82.5271,67.55,98,100,7.61
198,Qaqortoq,GL,2022-10-13 02:47:16,60.7167,-46.0333,21.24,67,0,7.9
199,Westport,US,2022-10-13 02:44:38,41.1415,-73.3579,62.82,83,0,9.22
200,Charlestown,AU,2022-10-13 02:47:17,-32.95,151.6667,73.02,69,99,5.99
201,Hami,CN,2022-10-13 02:47:18,42.8,93.45,55.35,42,0,7.36
202,Longyearbyen,SJ,2022-10-13 02:42:48,78.2186,15.6401,35.44,69,75,6.91
203,Ust-Ordynskiy,RU,2022-10-13 02:47:18,52.805,104.7508,44.83,46,94,2.59
204,General Pico,AR,2022-10-13 02:47:19,-35.6566,-63.7568,62.17,25,93,28.77
205,Aquidauana,BR,2022-10-13 02:47:20,-20.4711,-55.7872,69.42,97,100,2.17
206,Zhaoyang,CN,2022-10-13 02:47:20,42.682,126.0305,59.29,48,97,11.14
207,Christchurch,NZ,2022-10-13 02:47:21,-43.5333,172.6333,56.32,58,100,11.5
208,Katsuura,JP,2022-10-13 02:47:22,35.1333,140.3,60.82,93,100,18.16
209,Tiznit,MA,2022-10-13 02:47:22,29.5833,-9.5,62.13,77,0,1.77
210,Upernavik,GL,2022-10-13 02:47:23,72.7868,-56.1549,13.32,74,2,5.08
211,Havre-Saint-Pierre,CA,2022-10-13 02:47:24,50.2334,-63.5986,42.8,100,0,2.3
212,Port Blair,IN,2022-10-13 02:45:04,11.6667,92.75,84.24,74,40,2.3
213,Chernyakhovsk,RU,2022-10-13 02:47:25,54.6335,21.8156,44.13,92,70,5.59
214,Lattes,FR,2022-10-13 02:47:25,43.5675,3.9046,56.41,94,0,3.44
215,Beaumont,US,2022-10-13 02:47:26,30.0861,-94.1019,77.23,97,0,4.61
216,Cherskiy,RU,2022-10-13 02:47:27,68.75,161.3,15.04,85,100,5.7
217,Mount Isa,AU,2022-10-13 02:47:28,-20.7333,139.5,100.17,25,40,18.41
218,Oistins,BB,2022-10-13 02:44:07,13.0667,-59.5333,80.69,83,20,12.66
219,Abyek,IR,2022-10-13 02:47:28,36.0667,50.55,46.0,60,0,2.53
220,Sechura,PE,2022-10-13 02:47:29,-5.5569,-80.8222,62.78,80,15,14.07
221,Laguna,US,2022-10-13 02:47:30,38.421,-121.4238,77.31,62,0,6.91
222,Binzhou,CN,2022-10-13 02:47:30,37.3667,118.0167,67.3,35,99,2.15
223,Aklavik,CA,2022-10-13 02:47:31,68.2191,-135.0107,21.63,91,100,2.04
224,Stephenville,US,2022-10-13 02:44:40,32.2207,-98.2023,76.24,50,0,6.91
225,Nanortalik,GL,2022-10-13 02:47:31,60.1432,-45.2371,27.93,66,15,9.26
226,Celestun,MX,2022-10-13 02:47:32,20.8667,-90.4,79.47,88,99,8.97
227,Salalah,OM,2022-10-13 02:47:33,17.0151,54.0924,75.29,78,0,5.75
228,Umm Lajj,SA,2022-10-13 02:47:33,25.0213,37.2685,81.1,51,0,8.63
229,Kuvshinovo,RU,2022-10-13 02:47:34,57.0295,34.1725,35.76,96,18,4.41
230,Sao Filipe,CV,2022-10-13 02:47:34,14.8961,-24.4956,78.75,80,73,2.46
231,Hasaki,JP,2022-10-13 02:47:35,35.7333,140.8333,68.22,87,100,15.46
232,Piney Green,US,2022-10-13 02:47:36,34.716,-77.3202,69.73,89,0,5.75
233,Mutoko,ZW,2022-10-13 02:48:36,-17.397,32.2268,55.24,51,0,4.63
234,Asosa,ET,2022-10-13 02:48:37,10.0667,34.5333,58.42,91,83,4.72
235,San Roque,ES,2022-10-13 02:48:37,36.2107,-5.3842,67.03,88,20,14.97
236,Darab,IR,2022-10-13 02:48:38,28.7519,54.5444,70.75,35,0,3.53
237,Weligama,LK,2022-10-13 02:48:38,5.9667,80.4167,81.23,75,92,9.44
238,Airai,TL,2022-10-13 02:48:39,-8.9266,125.4092,75.4,56,17,2.26
239,Aitape,PG,2022-10-13 02:48:39,-3.1374,142.3475,81.84,80,81,2.75
240,Ostrovnoy,RU,2022-10-13 02:48:40,68.0531,39.5131,38.26,85,38,10.6
241,Garowe,SO,2022-10-13 02:48:41,8.4054,48.4845,76.21,63,59,10.22
242,San Patricio,US,2022-10-13 02:46:06,28.017,-97.5169,82.35,71,70,9.06
243,Maceio,BR,2022-10-13 02:46:07,-9.6658,-35.7353,76.44,88,75,5.75
244,Namatanai,PG,2022-10-13 02:48:42,-3.6667,152.4333,86.32,63,48,5.23
245,Hailar,CN,2022-10-13 02:48:43,49.2,119.7,52.92,30,0,10.54
246,Lorengau,PG,2022-10-13 02:48:43,-2.0226,147.2712,85.01,61,16,6.17
247,La Paz,BO,2022-10-13 02:46:27,-16.5,-68.15,42.78,28,0,4.61
248,Caxito,AO,2022-10-13 02:48:44,-8.5785,13.6643,76.03,82,84,3.58
249,Nouakchott,MR,2022-10-13 02:48:45,18.0858,-15.9785,89.53,42,20,9.57
250,Marsh Harbour,BS,2022-10-13 02:48:45,26.5412,-77.0636,81.86,77,100,12.15
251,Biu,NG,2022-10-13 02:48:46,10.6129,12.1946,71.76,81,100,4.0
252,Abong Mbang,CM,2022-10-13 02:48:46,3.9833,13.1833,66.18,99,100,0.38
253,Bhabua,IN,2022-10-13 02:48:47,25.05,83.6167,80.11,74,93,1.01
254,Dicabisagan,PH,2022-10-13 02:48:48,17.0818,122.4157,80.89,86,100,6.85
255,Chute-Aux-Outardes,CA,2022-10-13 02:48:48,49.1168,-68.399,44.58,93,0,0.0
256,Manakara,MG,2022-10-13 02:48:49,-22.1333,48.0167,68.31,82,74,4.12
257,Maragogi,BR,2022-10-13 02:48:49,-9.0122,-35.2225,74.89,85,65,10.2
258,Belyy Yar,RU,2022-10-13 02:48:50,53.6039,91.3903,38.86,87,0,4.47
259,Moses Lake,US,2022-10-13 02:48:50,47.1301,-119.2781,70.16,40,0,6.91
260,Charters Towers,AU,2022-10-13 02:48:51,-20.1,146.2667,86.43,31,2,10.85
261,Kedrovyy,RU,2022-10-13 02:48:51,56.1667,91.8167,34.21,95,100,8.14
262,Shwebo,MM,2022-10-13 02:48:52,22.5667,95.7,83.08,72,5,4.7
263,Kimbe,PG,2022-10-13 02:48:52,-5.5502,150.1429,85.15,69,100,5.35
264,Maromitsa,RU,2022-10-13 02:48:53,59.8683,48.0123,40.66,85,100,3.04
265,Puerto Leguizamo,CO,2022-10-13 02:48:54,-0.1934,-74.7819,74.64,78,30,1.81
266,Norman Wells,CA,2022-10-13 02:48:54,65.282,-126.8329,26.64,86,75,4.61
267,Codrington,AU,2022-10-13 02:48:55,-38.2667,141.9667,51.26,94,100,4.65
268,Iqaluit,CA,2022-10-13 02:48:55,63.7506,-68.5145,20.93,79,20,3.44
269,Port Hardy,CA,2022-10-13 02:45:53,50.6996,-127.4199,50.18,93,20,3.44
270,Meulaboh,ID,2022-10-13 02:48:57,4.1363,96.1285,82.83,71,93,2.15
271,Sao Geraldo Do Araguaia,BR,2022-10-13 02:48:57,-6.4006,-48.555,80.82,33,5,2.48
272,Zonguldak,TR,2022-10-13 02:48:58,41.25,31.8333,51.67,84,58,3.33
273,Kuching,MY,2022-10-13 02:48:59,1.55,110.3333,86.22,70,40,9.22
274,Den Helder,NL,2022-10-13 02:48:59,52.9599,4.7593,53.58,94,100,11.99
275,Bara,NG,2022-10-13 02:49:00,10.3744,10.7288,77.36,75,94,3.94
276,Smithers,CA,2022-10-13 02:44:45,54.7804,-127.1743,46.72,81,20,2.3
277,Cantagallo,CO,2022-10-13 02:49:01,7.376,-73.9196,74.07,98,100,0.89
278,Mercedes,AR,2022-10-13 02:49:02,-34.6515,-59.4307,65.86,26,93,4.99
279,Santiago,CL,2022-10-13 02:47:23,-33.4569,-70.6483,61.86,56,0,3.44
280,Potcoava,RO,2022-10-13 02:50:04,44.4833,24.65,54.37,64,83,6.04
281,Kavieng,PG,2022-10-13 02:50:05,-2.5744,150.7967,83.41,71,100,7.92
282,Richards Bay,ZA,2022-10-13 02:50:06,-28.783,32.0377,72.73,89,99,11.01
283,Zhuanghe,CN,2022-10-13 02:50:06,39.7008,122.9911,63.25,62,100,8.72
284,Khandyga,RU,2022-10-13 02:50:07,62.6667,135.6,26.2,78,60,3.15
285,Artyom,AZ,2022-10-13 02:50:08,40.4723,50.333,64.54,66,98,10.07
286,Beloha,MG,2022-10-13 02:50:09,-25.1667,45.05,68.32,81,0,4.36
287,Nizhniy Odes,RU,2022-10-13 02:50:10,63.6445,54.856,38.1,94,100,3.78
288,Cam Ranh,VN,2022-10-13 02:50:11,11.9214,109.1591,75.16,88,75,6.91
289,Toccoa,US,2022-10-13 02:44:58,34.5773,-83.3324,65.64,95,100,0.0
290,Kathmandu,NP,2022-10-13 02:46:05,27.7167,85.3167,68.22,83,75,2.3
291,Loa Janan,ID,2022-10-13 02:50:12,-0.583,117.095,83.53,77,100,4.07
292,Trairi,BR,2022-10-13 02:47:05,-3.2778,-39.2689,78.6,83,26,13.06
293,Henties Bay,NA,2022-10-13 02:50:13,-22.116,14.2845,57.52,91,65,4.47
294,Sangmelima,CM,2022-10-13 02:50:14,2.9333,11.9833,66.94,99,100,0.69
295,Ingham,US,2022-10-13 02:50:15,42.6,-84.3833,52.88,92,75,6.91
296,Saint Anthony,US,2022-10-13 02:50:15,45.0205,-93.218,44.82,77,20,9.22
297,Huarmey,PE,2022-10-13 02:50:16,-10.0681,-78.1522,61.63,85,0,9.82
298,Talara,PE,2022-10-13 02:50:17,-4.5772,-81.2719,63.34,86,38,17.92
299,Southbridge,US,2022-10-13 02:50:18,42.0751,-72.0334,56.93,89,100,7.0
300,Jingcheng,CN,2022-10-13 02:50:18,32.0142,120.2625,69.01,49,4,8.93
301,Tuatapere,NZ,2022-10-13 02:50:19,-46.1333,167.6833,54.28,54,8,6.71
302,Severo-Kurilsk,RU,2022-10-13 02:50:19,50.6789,156.125,43.5,77,96,31.88
303,Vung Tau,VN,2022-10-13 02:50:20,10.346,107.0843,80.2,80,95,8.75
304,Chumikan,RU,2022-10-13 02:50:21,54.7183,135.315,48.87,54,92,18.92
305,Ust-Maya,RU,2022-10-13 02:50:21,60.4167,134.5333,29.64,86,100,4.29
306,Cayenne,GF,2022-10-13 02:49:30,4.9333,-52.3333,77.04,94,75,2.3
307,Mizdah,LY,2022-10-13 02:50:23,31.4451,12.9801,67.3,57,4,2.06
308,Neuquen,AR,2022-10-13 02:50:22,-38.9516,-68.0591,51.69,25,0,8.05
309,Payo,ID,2022-10-13 02:50:24,-3.7508,103.6372,77.9,83,100,2.17
310,Dire,ML,2022-10-13 02:50:24,12.2833,-10.9667,72.54,91,86,2.28
311,Santa Maria,BR,2022-10-13 02:50:20,-29.6842,-53.8069,54.7,100,0,2.3
312,Aquiraz,BR,2022-10-13 02:50:26,-3.9014,-38.3911,80.69,84,48,15.84
313,Pimentel,PE,2022-10-13 02:50:26,-6.8367,-79.9342,61.25,86,9,13.42
314,Tshikapa,CD,2022-10-13 02:50:27,-6.4167,20.8,68.25,95,93,1.25
315,Metsavan,AM,2022-10-13 02:50:28,41.2016,44.2288,39.74,80,83,2.19
316,Olafsvik,IS,2022-10-13 02:50:28,64.8945,-23.7142,42.6,62,91,5.12
317,Praia Da Vitoria,PT,2022-10-13 02:50:29,38.7333,-27.0667,72.75,94,40,8.61
318,Sitka,US,2022-10-13 02:50:30,57.0531,-135.33,60.69,72,100,11.5
319,Marabba,SD,2022-10-13 02:50:30,12.35,32.1833,78.24,67,91,7.72
320,Krasnyy Chikoy,RU,2022-10-13 02:50:31,50.3643,108.7512,49.15,40,21,6.13
321,Imbituba,BR,2022-10-13 02:50:31,-28.24,-48.6703,63.7,93,100,1.54
322,Huoqiu,CN,2022-10-13 02:50:32,32.3394,116.2694,66.96,43,32,10.22
323,Gashua,NG,2022-10-13 02:50:33,12.871,11.0482,81.68,46,30,3.69
324,Balabac,PH,2022-10-13 02:50:33,7.9868,117.0645,83.55,78,100,21.77
325,Ormara,PK,2022-10-13 02:51:34,25.2088,64.6357,78.31,58,0,1.83
326,Kasongo-Lunda,CD,2022-10-13 02:51:35,-6.4667,16.8167,69.24,98,100,2.33
327,Clarence Town,AU,2022-10-13 02:51:35,-32.5833,151.7833,75.81,46,90,10.0
328,Pak Phanang,TH,2022-10-13 02:51:36,8.3511,100.202,80.62,70,100,6.49
329,Constitucion,CL,2022-10-13 02:51:36,-35.3333,-72.4167,52.72,72,5,11.03
330,Betsiamites,CA,2022-10-13 02:51:37,48.9413,-68.646,54.0,88,100,3.0
331,Saint-Joseph,RE,2022-10-13 02:51:37,-21.3667,55.6167,71.47,74,15,10.18
332,Guanica,PR,2022-10-13 02:51:38,17.9716,-66.908,79.05,89,67,7.7
333,San Carlos De Bariloche,AR,2022-10-13 02:51:39,-41.1456,-71.3082,35.35,48,40,14.97
334,Caravelas,BR,2022-10-13 02:51:39,-17.7125,-39.2481,72.82,75,0,6.04
335,Daru,PG,2022-10-13 02:51:40,-9.0763,143.2092,84.06,73,99,12.06
336,Willowmore,ZA,2022-10-13 02:51:41,-33.2926,23.4895,68.52,59,100,1.52
337,Ambilobe,MG,2022-10-13 02:51:41,-13.2,49.05,65.7,74,0,3.8
338,Lompoc,US,2022-10-13 02:51:42,34.6391,-120.4579,65.79,93,0,9.22
339,Qui Nhon,VN,2022-10-13 02:51:42,13.7667,109.2333,74.46,91,100,12.28
340,Bethel,US,2022-10-13 02:51:43,41.3712,-73.414,60.66,88,0,5.75
341,Provideniya,RU,2022-10-13 02:51:44,64.3833,-173.3,33.91,69,0,4.47
342,Kirkland Lake,CA,2022-10-13 02:51:44,48.1446,-80.0377,55.69,88,99,16.11
343,Lardos,GR,2022-10-13 02:51:45,36.0942,28.0157,69.62,74,0,12.12
344,Lamongan,ID,2022-10-13 02:51:45,-7.1167,112.4167,89.01,56,80,3.02
345,Arys,KZ,2022-10-13 02:51:46,42.4252,68.795,61.52,17,0,4.14
346,La Baule-Escoublac,FR,2022-10-13 02:51:46,47.2922,-2.364,60.71,87,100,11.5
347,Kholmogory,RU,2022-10-13 02:50:45,64.2229,41.656,37.81,95,82,4.45
348,Vengurla,IN,2022-10-13 02:51:48,15.8667,73.6333,77.41,87,95,5.61
349,Saint Pete Beach,US,2022-10-13 02:49:44,27.7253,-82.7412,79.14,79,20,6.91
350,Waipawa,NZ,2022-10-13 02:51:48,-41.4122,175.5153,44.98,87,100,8.19
351,Iberia,US,2022-10-13 02:51:19,29.9502,-91.7507,76.08,94,20,3.44
352,Hovd,MN,2022-10-13 02:51:50,48.0056,91.6419,46.6,23,0,1.57
353,Verkhnevilyuysk,RU,2022-10-13 02:51:50,63.4453,120.3167,34.45,99,100,4.63
354,San Lazaro,BZ,2022-10-13 02:51:51,18.0387,-88.6622,75.2,96,100,3.09
355,Winnemucca,US,2022-10-13 02:49:10,40.973,-117.7357,62.65,25,0,0.0
356,Half Moon Bay,US,2022-10-13 02:51:52,37.4636,-122.4286,63.88,87,100,17.27
357,Dunedin,NZ,2022-10-13 02:51:53,-45.8742,170.5036,49.8,75,16,5.01
358,Oranjestad,AW,2022-10-13 02:47:11,12.524,-70.027,82.9,85,20,13.8
359,Berezovyy,RU,2022-10-13 02:51:54,51.6667,135.7,51.51,45,100,5.14
360,Henderson,US,2022-10-13 02:51:32,36.0397,-114.9819,85.89,18,0,9.22
361,Catia La Mar,VE,2022-10-13 02:51:54,10.6038,-67.0303,79.0,73,75,2.3
362,Adrar,MR,2022-10-13 02:51:55,20.5022,-10.0711,81.03,27,100,14.07
363,Kincardine,GB,2022-10-13 02:51:56,56.0667,-3.7167,45.57,95,4,4.34
364,Hun,LY,2022-10-13 02:51:57,29.1268,15.9477,74.91,30,1,7.14
365,Narrabri,AU,2022-10-13 02:51:57,-30.3167,149.7833,78.53,44,31,5.01
366,Road Town,VG,2022-10-13 02:51:58,18.4167,-64.6167,80.69,94,20,6.91
367,Havelock,US,2022-10-13 02:51:58,34.8791,-76.9013,73.35,88,0,5.75
368,Ancud,CL,2022-10-13 02:48:38,-41.8697,-73.8203,40.26,70,13,5.53
369,Lujiang,CN,2022-10-13 02:51:59,31.2581,117.2817,67.87,54,5,11.25
370,Puyo,EC,2022-10-13 02:53:00,-1.4667,-77.9833,66.29,96,97,3.49
371,Rutland,US,2022-10-13 02:53:00,43.6167,-73.0162,59.68,76,0,10.36
372,Arcachon,FR,2022-10-13 02:53:01,44.5875,-1.0519,55.72,100,100,1.14
373,Nuqui,CO,2022-10-13 02:53:02,5.7125,-77.2708,76.98,88,100,3.31
374,Hambantota,LK,2022-10-13 02:53:03,6.1241,81.1185,77.34,100,40,8.05
375,Fairbanks,US,2022-10-13 02:52:57,64.8378,-147.7164,29.61,81,75,8.05
376,Thurso,GB,2022-10-13 02:53:04,58.5927,-3.5259,47.86,82,60,12.06
377,Warmbad,NA,2022-10-13 02:53:05,-28.45,18.7333,79.97,23,100,1.99
378,Pudozh,RU,2022-10-13 02:53:05,61.8099,36.5345,42.21,78,100,4.41
379,Spearfish,US,2022-10-13 02:53:06,44.4908,-103.8594,49.86,37,100,20.71
380,Hobyo,SO,2022-10-13 02:53:07,5.3505,48.5268,76.84,85,29,14.92
381,Florianopolis,BR,2022-10-13 02:53:08,-27.6146,-48.5012,63.63,82,100,4.61
382,Los Llanos De Aridane,ES,2022-10-13 02:53:09,28.6585,-17.9182,67.75,81,75,16.11
383,Rundu,NA,2022-10-13 02:53:09,-17.9333,19.7667,66.04,36,24,4.23
384,Jinchang,CN,2022-10-13 02:53:10,38.4953,102.1739,52.45,34,91,12.57
385,Vyksa,RU,2022-10-13 02:53:10,55.3175,42.1744,37.62,93,18,4.92
386,Kamina,CD,2022-10-13 02:53:11,-8.7386,24.9906,62.55,71,45,3.51
387,Oum Hadjer,TD,2022-10-13 02:53:12,13.2954,19.6966,81.32,55,22,4.16
388,Batagay,RU,2022-10-13 02:53:12,67.6333,134.6333,11.98,83,70,1.86
389,Lata,PT,2022-10-13 02:53:13,40.1629,-8.3327,61.07,90,79,1.59
390,Sinnamary,GF,2022-10-13 02:53:14,5.3833,-52.95,77.83,88,95,6.71
391,Caohai,CN,2022-10-13 02:53:14,26.8661,104.2841,45.46,93,100,3.13
392,Ponta Delgada,PT,2022-10-13 02:53:15,37.7333,-25.6667,70.52,73,75,4.61
393,Dunkirk,FR,2022-10-13 02:53:16,51.05,2.3667,56.14,87,100,1.99
394,Beringovskiy,RU,2022-10-13 02:53:16,63.05,179.3167,32.67,64,94,7.47
395,Puerto Escondido,MX,2022-10-13 02:53:17,15.85,-97.0667,80.47,87,98,6.13
396,Vestmannaeyjar,IS,2022-10-13 02:53:18,63.4427,-20.2734,42.76,74,19,1.03
397,Hay River,CA,2022-10-13 02:53:18,60.8156,-115.7999,28.38,69,20,2.3
398,Gizo,SB,2022-10-13 02:53:19,-8.103,156.8419,84.54,66,100,3.96
399,Pacific Grove,US,2022-10-13 02:51:59,36.6177,-121.9166,60.48,88,100,6.91
400,Volksrust,ZA,2022-10-13 02:53:20,-27.3654,29.8818,61.03,58,100,4.38
401,Neiafu,TO,2022-10-13 02:53:21,-18.65,-173.9833,81.28,74,20,6.91
402,Sakaiminato,JP,2022-10-13 02:53:22,35.55,133.2333,71.58,56,20,16.11
403,Auki,SB,2022-10-13 02:50:38,-8.7676,160.7034,84.74,66,100,5.66
404,Huilong,CN,2022-10-13 02:53:23,31.8111,121.655,68.52,63,52,11.74
405,Zabol,AF,2022-10-13 02:53:23,32.25,67.25,54.81,12,0,2.26
406,Belmonte,BR,2022-10-13 02:52:19,-15.8631,-38.8828,74.52,82,69,9.1
407,Shiyan,CN,2022-10-13 02:53:25,32.6475,110.7781,66.63,36,36,3.67
408,Bloemfontein,ZA,2022-10-13 02:53:25,-29.1211,26.214,65.68,52,38,9.22
409,Port Hedland,AU,2022-10-13 02:53:26,-20.3167,118.5667,82.45,17,91,21.85
410,Borger,NL,2022-10-13 02:53:26,52.9233,6.7931,50.0,89,100,8.16
411,Almunecar,ES,2022-10-13 02:53:27,36.7339,-3.6907,66.96,81,3,4.43
412,Pangkalanbuun,ID,2022-10-13 02:53:28,-2.6833,111.6167,86.52,66,100,2.59
413,Rincon,US,2022-10-13 02:53:29,32.296,-81.2354,74.86,96,100,2.75
414,Massakory,TD,2022-10-13 02:53:29,12.996,15.7293,83.64,51,3,4.03
415,Ust-Ilimsk,RU,2022-10-13 02:53:30,58.0006,102.6619,35.92,88,100,6.51
416,Socorro,US,2022-10-13 02:53:30,31.6546,-106.3033,75.49,33,0,3.89
417,Bandarbeyla,SO,2022-10-13 02:54:31,9.4942,50.8122,76.89,81,78,7.4
418,Mocajuba,BR,2022-10-13 02:54:32,-2.5842,-49.5072,77.32,84,25,4.41
419,Marsa Matruh,EG,2022-10-13 02:54:15,31.3525,27.2453,68.2,77,40,6.91
420,Saint-Francois,FR,2022-10-13 02:54:32,46.4154,3.9054,54.84,94,100,2.3
421,Prainha,BR,2022-10-13 02:54:33,-1.8,-53.48,80.19,67,86,2.48
422,Nakhon Pathom,TH,2022-10-13 02:54:33,13.9833,100.0833,84.97,69,76,6.4
423,Lagoa,PT,2022-10-13 02:54:34,39.05,-27.9833,70.18,81,51,10.42
424,Coquimbo,CL,2022-10-13 02:54:35,-29.9533,-71.3436,53.33,93,0,4.61
425,Caborca,MX,2022-10-13 02:51:47,30.5838,-111.101,78.17,40,77,4.03
426,Rapid Valley,US,2022-10-13 02:54:36,44.0625,-103.1463,52.11,38,0,20.71
427,Great Yarmouth,GB,2022-10-13 02:54:36,52.6083,1.7305,55.45,90,100,7.56
428,Aden,YE,2022-10-13 02:54:37,12.7794,45.0367,84.6,58,0,11.18
429,Chiredzi,ZW,2022-10-13 02:54:37,-21.05,31.6667,66.0,51,0,4.81
430,Ayan,RU,2022-10-13 02:54:38,56.45,138.1667,42.17,52,60,2.91
431,Guatire,VE,2022-10-13 02:54:38,10.4762,-66.5427,72.21,98,97,1.41
432,Aljezur,PT,2022-10-13 02:54:39,37.3191,-8.8033,65.52,70,3,7.27
433,Sao Joao Da Barra,BR,2022-10-13 02:54:40,-21.6403,-41.0511,73.49,86,3,20.02
434,Mae Hong Son,TH,2022-10-13 02:54:40,19.3003,97.9685,77.14,83,75,2.3
435,Hermosillo,MX,2022-10-13 02:50:45,29.0667,-110.9667,86.68,50,52,4.0
436,Buchanan,LR,2022-10-13 02:54:41,5.8808,-10.0467,75.79,88,93,3.83
437,Diego De Almagro,CL,2022-10-13 02:54:42,-26.3667,-70.05,55.13,55,0,3.11
438,Voh,NC,2022-10-13 02:54:42,-20.9667,164.7,79.12,60,5,14.83
439,Vaitape,PF,2022-10-13 02:54:43,-16.5167,-151.75,78.82,74,37,11.18
440,Lubango,AO,2022-10-13 02:54:44,-14.9172,13.4925,62.47,71,99,2.46
441,Namibe,AO,2022-10-13 02:54:44,-15.1961,12.1522,68.41,87,100,4.41
442,Isangel,VU,2022-10-13 02:52:47,-19.55,169.2667,78.91,69,97,6.91
443,Sorland,NO,2022-10-13 02:54:45,67.667,12.6934,49.86,93,100,28.88
444,Zapatoca,CO,2022-10-13 02:54:46,6.8153,-73.2677,59.76,91,100,1.77
445,Kihei,US,2022-10-13 02:54:46,20.785,-156.4656,82.98,93,100,1.79
446,Brodokalmak,RU,2022-10-13 02:54:47,55.5748,62.082,40.1,59,100,7.25
447,San Lorenzo,PY,2022-10-13 02:54:47,-25.3333,-57.5333,59.94,93,0,0.0
448,Synya,RU,2022-10-13 02:54:48,65.3718,58.0387,36.36,89,100,5.99
449,Hofn,IS,2022-10-13 02:54:49,64.2539,-15.2082,41.05,53,85,6.55
450,Marsabit,KE,2022-10-13 02:54:50,2.3284,37.9899,59.27,67,24,15.32
451,Severo-Yeniseyskiy,RU,2022-10-13 02:54:37,60.3725,93.0408,31.84,92,100,7.11
452,Alihe,CN,2022-10-13 02:50:45,50.5667,123.7167,53.62,32,6,6.2
453,Wenatchee,US,2022-10-13 02:54:51,47.4235,-120.3103,67.96,49,0,0.0
454,Oyama,JP,2022-10-13 02:54:52,36.3,139.8,63.59,57,100,6.96
455,Graaff-Reinet,ZA,2022-10-13 02:54:36,-32.2522,24.5308,76.28,26,100,8.01
456,Guarapari,BR,2022-10-13 02:51:16,-20.6667,-40.4975,70.72,87,1,12.28
457,Boa Vista,BR,2022-10-13 02:54:53,2.8197,-60.6733,80.58,74,40,10.36
458,Risor,NO,2022-10-13 02:54:53,58.7206,9.2342,52.11,77,100,16.78
459,Mama,RU,2022-10-13 02:54:54,58.3106,112.8986,37.69,99,100,4.38
460,Mandalgovi,MN,2022-10-13 02:54:54,45.7625,106.2708,46.62,40,2,10.16
461,Vanimo,PG,2022-10-13 02:50:34,-2.6741,141.3028,78.3,89,100,4.83
462,Kokopo,PG,2022-10-13 02:54:56,-4.352,152.2633,84.76,63,100,7.14
463,College,US,2022-10-13 02:54:56,64.8569,-147.8028,29.59,84,75,3.44
464,Klaksvik,FO,2022-10-13 02:55:57,62.2266,-6.589,47.32,87,100,26.35
465,Kasempa,ZM,2022-10-13 02:55:57,-13.4584,25.8338,63.93,32,1,6.71
466,Thinadhoo,MV,2022-10-13 02:55:58,0.5333,72.9333,81.07,76,100,14.09
467,Jibuti,DJ,2022-10-13 02:55:59,11.5,42.5,75.81,64,3,8.79
468,Razole,IN,2022-10-13 02:55:59,16.4833,81.8333,81.14,86,84,1.99
469,Abu Zabad,SD,2022-10-13 02:56:00,12.35,29.25,76.26,67,90,7.7
470,Tigzirt,DZ,2022-10-13 02:56:00,36.8886,4.1198,67.68,85,94,3.13
471,Voyvozh,RU,2022-10-13 02:56:01,62.892,54.9635,39.87,92,100,3.11
472,Matias Romero,MX,2022-10-13 02:56:01,16.8833,-95.0333,73.26,97,98,3.2
473,Lebowakgomo,ZA,2022-10-13 02:56:02,-24.2,29.5,67.1,44,11,6.33
474,Broken Hill,AU,2022-10-13 02:56:04,-31.95,141.4333,56.7,82,100,13.76
475,Doha,QA,2022-10-13 02:52:33,25.2867,51.5333,82.38,83,20,2.3
476,Las Choapas,MX,2022-10-13 02:56:05,17.9333,-94.0833,76.75,93,92,2.37
477,Coihaique,CL,2022-10-13 02:56:06,-45.5752,-72.0662,36.21,64,75,2.3
478,Erenhot,CN,2022-10-13 02:56:07,43.6475,111.9767,52.97,24,0,5.14
479,Black River,JM,2022-10-13 02:56:08,18.0264,-77.8487,78.69,83,95,2.84
480,Shenzhen,CN,2022-10-13 02:51:48,22.5455,114.0683,82.15,55,3,7.74
481,Mahon,ES,2022-10-13 02:56:09,39.8885,4.2658,63.16,94,0,9.22
482,Gizeh,EG,2022-10-13 02:52:02,30.0081,31.2109,70.54,74,0,8.7
483,Moultrie,US,2022-10-13 02:51:18,31.1799,-83.7891,69.82,100,100,3.44
484,Maldonado,UY,2022-10-13 02:56:10,-34.6667,-54.9167,65.59,51,7,18.7
485,Novo Hamburgo,BR,2022-10-13 02:56:11,-29.6783,-51.1306,64.13,92,29,1.86
486,Benguela,AO,2022-10-13 02:56:12,-12.5763,13.4055,73.24,83,76,4.56
487,Omsukchan,RU,2022-10-13 02:56:13,62.5333,155.8,18.99,76,100,0.85
488,Aktash,RU,2022-10-13 02:56:13,50.3,87.7333,32.29,45,31,3.62
489,Berlevag,NO,2022-10-13 02:56:14,70.8578,29.0864,42.75,70,75,19.57
490,Xifeng,CN,2022-10-13 02:56:15,42.7372,124.7222,60.53,54,100,17.4
491,Pokrovsk,UA,2022-10-13 02:56:16,48.282,37.1758,44.31,80,37,6.49
492,May Pen,JM,2022-10-13 02:56:16,17.9645,-77.2451,81.61,90,88,3.11
493,Mandera,KE,2022-10-13 02:51:20,3.9366,41.867,75.4,68,39,12.1
494,Puerto Gaitan,CO,2022-10-13 02:56:18,4.3133,-72.0816,81.05,70,90,3.33
495,Xinqing,CN,2022-10-13 02:56:18,48.2333,129.5,56.3,52,4,8.84
496,Grand Gaube,MU,2022-10-13 02:55:10,-20.0064,57.6608,73.38,64,22,8.99
497,Tepalcatepec,MX,2022-10-13 02:56:19,19.1833,-102.85,77.49,78,93,2.82
498,Alpoyeca,MX,2022-10-13 02:56:20,17.6667,-98.5167,70.83,93,100,4.25
499,Bourges,FR,2022-10-13 02:56:21,47.25,2.4167,51.85,89,100,4.03
500,Kashi,CN,2022-10-13 02:56:22,39.4547,75.9797,51.01,50,20,4.47
501,La Ronge,CA,2022-10-13 02:56:22,55.1001,-105.2842,34.05,55,100,19.57
502,Mugur-Aksy,RU,2022-10-13 02:56:24,50.35,90.5,37.18,37,35,7.45
503,Santa Isabel Do Rio Negro,BR,2022-10-13 02:56:25,-0.4139,-65.0192,76.51,76,93,2.1
504,Sola,VU,2022-10-13 02:56:25,-13.8833,167.55,86.67,74,24,6.91
505,Kyzyl-Suu,KG,2022-10-13 02:56:26,42.3414,78.0056,51.15,23,0,0.4
506,Emmett,US,2022-10-13 02:53:25,43.8735,-116.4993,65.17,43,10,3.8
507,Verkhoyansk,RU,2022-10-13 02:56:27,67.5447,133.385,10.31,85,87,1.68
508,Kirgiz-Miyaki,RU,2022-10-13 02:56:28,53.6324,54.7979,47.68,69,98,7.0
509,Warwick,US,2022-10-13 02:56:28,41.7001,-71.4162,60.89,89,75,6.91
510,Viedma,AR,2022-10-13 02:56:29,-40.8135,-62.9967,44.69,63,42,8.88
511,Goure,NE,2022-10-13 02:57:30,13.9835,10.2704,82.76,22,46,7.9
512,Bitung,ID,2022-10-13 02:57:30,1.4451,125.1824,88.65,69,100,12.08
513,Kalabo,ZM,2022-10-13 02:57:31,-14.97,22.6814,68.63,33,65,6.35
514,Chicama,PE,2022-10-13 02:57:32,-7.8447,-79.1469,57.74,82,13,5.57
515,Kazanskaya,RU,2022-10-13 02:57:32,45.4106,40.4361,47.3,73,9,1.68
516,Alofi,NU,2022-10-13 02:57:33,-19.0595,-169.9187,80.49,83,3,9.22
517,Vanavara,RU,2022-10-13 02:57:34,60.34,102.2797,33.87,80,100,9.08
518,Strezhevoy,RU,2022-10-13 02:57:35,60.7333,77.5889,39.0,79,98,7.83
519,Etampes,FR,2022-10-13 02:57:35,48.4333,2.15,57.38,90,100,5.93
520,Deder,ET,2022-10-13 02:57:36,9.3167,41.45,54.75,68,0,1.77
521,Kwakoa,TZ,2022-10-13 02:57:36,-3.7667,37.7167,61.74,86,29,2.37
522,Talaja,IN,2022-10-13 02:57:38,21.35,72.05,83.66,57,97,7.94
523,Sistranda,NO,2022-10-13 02:57:39,63.7256,8.834,48.16,73,100,5.68
524,Belmopan,BZ,2022-10-13 02:57:39,17.25,-88.7667,74.79,99,100,1.81
525,Tual,ID,2022-10-13 02:54:22,-5.6667,132.75,83.25,75,97,10.4
526,Buala,SB,2022-10-13 02:57:40,-8.145,159.5921,84.78,65,97,3.98
527,San Cristobal,VE,2022-10-13 02:57:41,7.7669,-72.225,69.98,97,99,2.62
528,Padang,ID,2022-10-13 02:57:41,-0.9492,100.3543,82.45,74,100,3.4
529,Sao Jose Da Coroa Grande,BR,2022-10-13 02:57:42,-8.8978,-35.1478,74.75,85,51,10.18
530,Pochutla,MX,2022-10-13 02:57:42,15.7432,-96.4661,77.83,94,96,2.8
531,Kayanga,TZ,2022-10-13 02:57:43,-1.5303,31.1511,56.44,88,96,1.83
532,Miandrivazo,MG,2022-10-13 02:57:44,-19.5167,45.4667,75.02,77,0,1.99
533,Palu,ID,2022-10-13 02:57:44,-0.8917,119.8707,89.58,59,100,3.47
534,Ca Mau,VN,2022-10-13 02:57:45,9.1769,105.15,82.38,75,100,7.09
535,Raikot,IN,2022-10-13 02:57:45,30.65,75.6,78.15,65,0,2.89
536,Miramar,US,2022-10-13 02:57:46,25.9873,-80.2323,82.02,87,99,8.52
537,Saint-Augustin,CA,2022-10-13 02:57:46,51.226,-58.6502,45.18,86,100,5.41
538,Podujevo,XK,2022-10-13 02:57:47,42.9106,21.1931,54.39,91,100,1.5
539,Mosquera,CO,2022-10-13 02:53:45,4.7059,-74.2302,48.29,93,20,2.3
540,Saint-Leu,RE,2022-10-13 02:57:48,-21.15,55.2833,71.96,100,0,0.58
541,Bowen,AU,2022-10-13 02:57:49,-20.0167,148.2333,77.34,60,0,18.68
542,Xuddur,SO,2022-10-13 02:57:50,4.1213,43.8894,68.72,87,15,11.27
543,Basco,PH,2022-10-13 02:57:50,20.4487,121.9702,81.09,83,64,27.63
544,Numata,JP,2022-10-13 02:57:51,36.6333,139.05,64.13,68,100,3.65
545,Kloulklubed,PW,2022-10-13 02:57:52,7.0419,134.2556,82.81,80,100,19.55
546,Verkh-Usugli,RU,2022-10-13 02:57:52,52.7,115.1667,45.48,44,97,5.37
547,Anadyr,RU,2022-10-13 02:57:53,64.75,177.4833,25.3,62,0,6.71
548,Tambopata,PE,2022-10-13 02:57:54,-12.7333,-69.1833,71.22,98,80,1.07
